"","PlayerYID","fantasy.points","pos","Name","isPG","isSG","isSF","isPF","isC","cost"
"1","abrinal012018",392.997552871704,"SG","Alex Abrines",0,1,0,0,0,1
"2","adamsja012018",433.170495986938,"PG","Jaylen Adams",1,0,0,0,0,1
"3","adamsst012018",1549.81639099121,"C","Steven Adams",0,0,0,0,1,27
"4","adebaba012018",1265.60411071777,"C","Bam Adebayo",0,0,0,0,1,19
"5","aldrila012018",1821.19927978516,"C","LaMarcus Aldridge",0,0,0,0,1,34
"6","allengr012018",306.500372409821,"SG","Grayson Allen",0,1,0,0,0,1
"7","allenja012018",1425.20325469971,"C","Jarrett Allen",0,0,0,0,1,24
"8","allenka012018",897.279769897461,"SG","Kadeem Allen",0,1,0,0,0,10
"9","aminual012018",1084.29519271851,"PF","Al-Farouq Aminu",0,0,0,1,0,15
"10","anderju012018",367.891535758972,"SF","Justin Anderson",0,0,1,0,0,1
"11","anderky012018",1096.09436035156,"SF","Kyle Anderson",0,0,1,0,0,18
"12","anderry012018",236.44339132309,"PF","Ryan Anderson",0,0,0,1,0,1
"13","antetgi012018",2698.83144378662,"PF","Giannis Antetokounmpo",0,0,0,1,0,57
"14","anunoog012018",650.749565124512,"SF","OG Anunoby",0,0,1,0,0,6
"15","arcidry012018",804.622497558594,"PG","Ryan Arcidiacono",1,0,0,0,0,8
"16","arizatr012018",1113.77536010742,"SF","Trevor Ariza",0,0,1,0,0,18
"17","augusdj012018",1031.1194858551,"PG","D.J. Augustin",1,0,0,0,0,13
"18","aytonde012018",1778.11568450928,"C","Deandre Ayton",0,0,0,0,1,33
"19","bacondw012018",591.740119934082,"SG","Dwayne Bacon",0,1,0,0,0,2
"20","baglema012018",1325.81253814697,"PF","Marvin Bagley",0,0,0,1,0,21
"21","balllo012018",1143.42538070679,"PG","Lonzo Ball",1,0,0,0,0,16
"22","bambamo012018",816.211772918701,"C","Mohamed Bamba",0,0,0,0,1,8
"23","bareajo012018",827.859464645386,"PG","J.J. Barea",1,0,0,0,0,8
"24","barneha022018",1079.95572471619,"PF-SF","Harrison Barnes",0,0,1,1,0,17
"25","bartowi012018",886.919193267822,"SG","Will Barton",0,1,0,0,0,10
"26","bateske012018",514.429656028748,"SF","Keita Bates-Diop",0,0,1,0,0,2
"27","batumni012018",1032.71440124512,"SF","Nicolas Batum",0,0,1,0,0,16
"28","bayleje012018",482.377721786499,"PG","Jerryd Bayless",1,0,0,0,0,1
"29","baynear012018",680.250377655029,"C","Aron Baynes",0,0,0,0,1,4
"30","bazemke012018",892.544290542603,"SG","Kent Bazemore",0,1,0,0,0,10
"31","bealbr012018",1874.37459564209,"SG","Bradley Beal",0,1,0,0,0,35
"32","beaslma012018",861.347135543823,"SG","Malik Beasley",0,1,0,0,0,9
"33","beaslmi012018",491.060450553894,"PF","Michael Beasley",0,0,0,1,0,1
"34","belinma012018",685.891662597656,"SG","Marco Belinelli",0,1,0,0,0,5
"35","belljo012018",536.411375045776,"C","Jordan Bell",0,0,0,0,1,1
"36","bembrde012018",907.492546081543,"SG","DeAndre' Bembry",0,1,0,0,0,10
"37","bendedr012018",654.536775588989,"PF","Dragan Bender",0,0,0,1,0,4
"38","bertada012018",779.838005065918,"PF","Davis Bertans",0,0,0,1,0,7
"39","beverpa012018",970.453893661499,"PG","Patrick Beverley",1,0,0,0,0,12
"40","birchkh012018",661.348812103271,"C","Khem Birch",0,0,0,0,1,4
"41","biyombi012018",656.797183990479,"C","Bismack Biyombo",0,0,0,0,1,4
"42","bjeline012018",1015.74925613403,"PF","Nemanja Bjelica",0,0,0,1,0,13
"43","blakean012018",492.164887428284,"SG","Antonio Blakeney",0,1,0,0,0,1
"44","bledser012018",1430.54096221924,"PG","Eric Bledsoe",1,0,0,0,0,24
"45","blossja012018",507.28936958313,"SF","Jaron Blossomgame",0,0,1,0,0,2
"46","bogdabo012018",1062.31929969788,"SG","Bogdan Bogdanovic",0,1,0,0,0,14
"47","bogdabo022018",1223.42444419861,"SF","Bojan Bogdanovic",0,0,1,0,0,21
"48","boldejo012018",651.089193344116,"PF","Jonah Bolden",0,0,0,1,0,4
"49","bookede012018",1818.04839324951,"SG","Devin Booker",0,1,0,0,0,34
"50","bouchch012018",403.297601699829,"PF","Chris Boucher",0,0,0,1,0,1
"51","bradlav012018",698.183654785156,"SG","Avery Bradley",0,1,0,0,0,5
"52","breweco012018",499.343375205994,"SF","Corey Brewer",0,0,1,0,0,2
"53","bridgmi012018",927.33323097229,"SF","Mikal Bridges",0,0,1,0,0,13
"54","bridgmi022018",838.322797775269,"SF","Miles Bridges",0,0,1,0,0,11
"55","briscis012018",454.589595794678,"PG","Isaiah Briscoe",1,0,0,0,0,1
"56","broekry012018",337.61273765564,"SG","Ryan Broekhoff",0,1,0,0,0,1
"57","brogdma012018",1291.19571876526,"SG","Malcolm Brogdon",0,1,0,0,0,20
"58","brookdi012018",470.439316749573,"SF","Dillon Brooks",0,0,1,0,0,1
"59","brookma012018",391.280096054077,"SG","MarShon Brooks",0,1,0,0,0,1
"60","brownbr012018",546.311111450195,"SG","Bruce Brown",0,1,0,0,0,1
"61","brownja022018",1012.35977745056,"SG","Jaylen Brown",0,1,0,0,0,13
"62","brownlo012018",231.129867553711,"PG","Lorenzo Brown",1,0,0,0,0,1
"63","brownst022018",649.115666389465,"SG","Sterling Brown",0,1,0,0,0,4
"64","browntr012018",553.653509140015,"SF","Troy Brown",0,0,1,0,0,3
"65","brunsja012018",812.411581039429,"PG","Jalen Brunson",1,0,0,0,0,8
"66","bryanth012018",1243.64643859863,"C","Thomas Bryant",0,0,0,0,1,19
"67","bullore012018",785.485389709473,"SG","Reggie Bullock",0,1,0,0,0,7
"68","burketr012018",749.098875045776,"PG","Trey Burke",1,0,0,0,0,6
"69","burksal012018",747.56120300293,"SG","Alec Burks",0,1,0,0,0,6
"70","burtode022018",227.763516902924,"SG","Deonte Burton",0,1,0,0,0,1
"71","butleji012018",1568.47740936279,"SF-SG","Jimmy Butler",0,1,1,0,0,30
"72","cabocbr012018",859.912767410278,"SF","Bruno Caboclo",0,0,1,0,0,11
"73","caldejo012018",312.370317935944,"PG","Jose Calderon",1,0,0,0,0,1
"74","caldwke012018",840.578435897827,"SG","Kentavious Caldwell-Pope",0,1,0,0,0,9
"75","canaais012018",519.612173080444,"PG","Isaiah Canaan",1,0,0,0,0,1
"76","capelca012018",2003.99261474609,"C","Clint Capela",0,0,0,0,1,39
"77","carrode012018",829.663333892822,"PF","DeMarre Carroll",0,0,0,1,0,8
"78","carteje012018",422.343996047974,"PG","Jevon Carter",1,0,0,0,0,1
"79","cartevi012018",586.617114067078,"SF","Vince Carter",0,0,1,0,0,4
"80","cartewe012018",1186.92344284058,"C","Wendell Carter",0,0,0,0,1,17
"81","cartemi012018",534.778962135315,"PG","Michael Carter-Williams",1,0,0,0,0,1
"82","carusal012018",823.341932296753,"PG","Alex Caruso",1,0,0,0,0,8
"83","casspom012018",580.493366241455,"SF","Omri Casspi",0,0,1,0,0,4
"84","caulewi012018",1394.62279510498,"C","Willie Cauley-Stein",0,0,0,0,1,23
"85","chandty012018",615.406998634338,"C","Tyson Chandler",0,0,0,0,1,3
"86","chandwi012018",647.484387397766,"PF-SF","Wilson Chandler",0,0,1,1,0,6
"87","chrisma012018",477.090571403503,"PF","Marquese Chriss",0,0,0,1,0,1
"88","clarkga012018",405.353709220886,"PF","Gary Clark",0,0,0,1,0,1
"89","clarkia012018",439.910196304321,"SG","Ian Clark",0,1,0,0,0,1
"90","clarkjo012018",1062.92567253113,"SG","Jordan Clarkson",0,1,0,0,0,14
"91","collijo012018",1796.59746551514,"PF","John Collins",0,0,0,1,0,33
"92","colliza012018",782.28875541687,"C","Zach Collins",0,0,0,0,1,7
"93","collida012018",1145.87190818787,"PG","Darren Collison",1,0,0,0,0,16
"94","conlemi012018",1544.38703155518,"PG","Mike Conley",1,0,0,0,0,27
"95","connapa012018",812.362001419067,"SG","Pat Connaughton",0,1,0,0,0,8
"96","cookqu012018",571.364459991455,"PG","Quinn Cook",1,0,0,0,0,2
"97","couside012018",1546.41213226318,"C","DeMarcus Cousins",0,0,0,0,1,27
"98","covinro012018",1198.98841667175,"SF","Robert Covington",0,0,1,0,0,20
"99","crabbal012018",654.775719642639,"SG","Allen Crabbe",0,1,0,0,0,4
"100","craigto012018",623.490509986877,"SF","Torrey Craig",0,0,1,0,0,5
"101","crawfja012018",591.904890060425,"SG","Jamal Crawford",0,1,0,0,0,2
"102","crowdja012018",922.167566299438,"SF","Jae Crowder",0,0,1,0,0,13
"103","cunnida012018",436.573190689087,"PF","Dante Cunningham",0,0,0,1,0,1
"104","curryse012018",541.085231781006,"SG","Seth Curry",0,1,0,0,0,1
"105","curryst012018",1941.73625183105,"PG","Stephen Curry",1,0,0,0,0,37
"106","danietr012018",407.959650039673,"SG","Troy Daniels",0,1,0,0,0,1
"107","davisan022018",2509.6083984375,"C","Anthony Davis",0,0,0,0,1,52
"108","davised012018",994.651329040527,"C","Ed Davis",0,0,0,0,1,13
"109","dedmode012018",1241.88839530945,"C","Dewayne Dedmon",0,0,0,0,1,19
"110","dekkesa012018",625.773401260376,"PF","Sam Dekker",0,0,0,1,0,3
"111","dellama012018",549.167922019958,"PG","Matthew Dellavedova",1,0,0,0,0,1
"112","denglu012018",631.915096282959,"SF","Luol Deng",0,0,1,0,0,6
"113","derozde012018",1710.36051940918,"SG","DeMar DeRozan",0,1,0,0,0,31
"114","diallch012018",853.899244308472,"PF","Cheick Diallo",0,0,0,1,0,9
"115","diallha012018",401.601493835449,"SG","Hamidou Diallo",0,1,0,0,0,1
"116","dienggo012018",726.684820175171,"C","Gorgui Dieng",0,0,0,0,1,6
"117","dinwisp012018",1146.63585662842,"PG","Spencer Dinwiddie",1,0,0,0,0,16
"118","divindo012018",512.089951515198,"SG","Donte DiVincenzo",0,1,0,0,0,1
"119","doncilu012018",1722.40758514404,"SG","Luka Doncic",0,1,0,0,0,31
"120","dorsety012018",523.305307388306,"SG","Tyler Dorsey",0,1,0,0,0,1
"121","dotsoda012018",836.550834655762,"SG","Damyean Dotson",0,1,0,0,0,8
"122","dragigo012018",958.568000793457,"PG","Goran Dragic",1,0,0,0,0,12
"123","drumman012018",2121.53260040283,"C","Andre Drummond",0,0,0,0,1,42
"124","dudleja012018",502.241006851196,"PF","Jared Dudley",0,0,0,1,0,1
"125","dunnkr012018",1148.62795639038,"PG","Kris Dunn",1,0,0,0,0,16
"126","duranke012018",2083.67723083496,"PF","Kevin Durant",0,0,0,1,0,41
"127","ellenhe012018",611.450325965881,"PF","Henry Ellenson",0,0,0,1,0,3
"128","ellinwa012018",659.923358917236,"SG","Wayne Ellington",0,1,0,0,0,4
"129","embiijo012018",2470.48773193359,"C","Joel Embiid",0,0,0,0,1,51
"130","ennisja012018",631.351655960083,"SF","James Ennis",0,0,1,0,0,5
"131","evansty012018",689.88117980957,"SG","Tyreke Evans",0,1,0,0,0,5
"132","exumda012018",564.165874481201,"PG","Dante Exum",1,0,0,0,0,1
"133","farieke012018",1045.67931556702,"C","Kenneth Faried",0,0,0,0,1,14
"134","favorde012018",1314.58611679077,"C","Derrick Favors",0,0,0,0,1,21
"135","feliccr012018",516.594033241272,"C","Cristiano Felicio",0,0,0,0,1,1
"136","feltora012018",345.024343490601,"PG","Raymond Felton",1,0,0,0,0,1
"137","fergute012018",591.818829536438,"SG","Terrance Ferguson",0,1,0,0,0,2
"138","ferreyo012018",539.476044654846,"PG","Yogi Ferrell",1,0,0,0,0,1
"139","finnedo012018",806.224294662476,"SF","Dorian Finney-Smith",0,0,1,0,0,10
"140","forbebr012018",879.194000244141,"SG","Bryn Forbes",0,1,0,0,0,10
"141","fournev012018",1060.10729789734,"SG","Evan Fournier",0,1,0,0,0,14
"142","foxde012018",1545.82093048096,"PG","De'Aaron Fox",1,0,0,0,0,27
"143","fraziti012018",693.469524383545,"PG","Tim Frazier",1,0,0,0,0,5
"144","fryech012018",265.383950233459,"C","Channing Frye",0,0,0,0,1,1
"145","fultzma012018",770.566850662231,"SG","Markelle Fultz",0,1,0,0,0,7
"146","gallida012018",1514.80191802979,"SF","Danilo Gallinari",0,0,1,0,0,28
"147","gallola012018",563.858543395996,"SG","Langston Galloway",0,1,0,0,0,1
"148","gasolma012018",1464.42964935303,"C","Marc Gasol",0,0,0,0,1,25
"149","gasolpa012018",608.592733383179,"C","Pau Gasol",0,0,0,0,1,2
"150","gayru012018",1274.77798271179,"PF","Rudy Gay",0,0,0,1,0,20
"151","georgpa012018",2083.17455291748,"SF","Paul George",0,0,1,0,0,43
"152","gibsota012018",1112.25809860229,"PF","Taj Gibson",0,0,0,1,0,16
"153","gilesha012018",740.630144119263,"PF","Harry Giles",0,0,0,1,0,6
"154","gilgesh012018",1027.40382957458,"PG","Shai Gilgeous-Alexander",1,0,0,0,0,13
"155","goberru012018",2079.2181930542,"C","Rudy Gobert",0,0,0,0,1,41
"156","gordoaa012018",1438.99045562744,"PF","Aaron Gordon",0,0,0,1,0,24
"157","gordoer012018",862.894348144531,"SG","Eric Gordon",0,1,0,0,0,9
"158","gortama012018",700.491844177246,"C","Marcin Gortat",0,0,0,0,1,5
"159","grahade012018",469.180041313171,"PG","Devonte' Graham",1,0,0,0,0,1
"160","grahatr012018",470.704888343811,"SG","Treveon Graham",0,1,0,0,0,1
"161","grantje012018",1213.22034835815,"PF","Jerami Grant",0,0,0,1,0,18
"162","grantje022018",512.905708312988,"PG","Jerian Grant",1,0,0,0,0,1
"163","greenda022018",932.843685150146,"SG","Danny Green",0,1,0,0,0,11
"164","greendr012018",1359.43487167358,"PF","Draymond Green",0,0,0,1,0,22
"165","greenge012018",579.670454025269,"SG","Gerald Green",0,1,0,0,0,2
"166","greenja012018",952.026149749756,"PF","JaMychal Green",0,0,0,1,0,11
"167","greenje022018",976.76958656311,"PF","Jeff Green",0,0,0,1,0,12
"168","griffbl012018",1797.23965454102,"PF","Blake Griffin",0,0,0,1,0,33
"169","hamilda022018",376.947402000427,"SG","Daniel Hamilton",0,1,0,0,0,1
"170","hardati022018",1046.70015525818,"SG","Tim Hardaway",0,1,0,0,0,14
"171","hardeja012018",2536.13740539551,"PG","James Harden",1,0,0,0,0,52
"172","harklma012018",881.995248794556,"SF","Maurice Harkless",0,0,1,0,0,12
"173","harremo012018",1546.51316833496,"C","Montrezl Harrell",0,0,0,0,1,27
"174","harride012018",473.269069671631,"PG","Devin Harris",1,0,0,0,0,1
"175","harriga012018",907.398313522339,"SG","Gary Harris",0,1,0,0,0,10
"176","harrijo012018",1060.99879264832,"SG","Joe Harris",0,1,0,0,0,14
"177","harrito022018",1650.58908081055,"PF","Tobias Harris",0,0,0,1,0,29
"178","harrian012018",313.71238899231,"PG","Andrew Harrison",1,0,0,0,0,1
"179","harrish012018",703.810237884521,"PG","Shaquille Harrison",1,0,0,0,0,5
"180","hartjo012018",775.798986434937,"SG","Josh Hart",0,1,0,0,0,7
"181","harteis012018",364.112301826477,"PF","Isaiah Hartenstein",0,0,0,1,0,1
"182","haywago012018",1068.37825775146,"PF","Gordon Hayward",0,0,0,1,0,14
"183","hensojo012018",702.4427318573,"C","John Henson",0,0,0,0,1,5
"184","hernaju012018",660.078353881836,"PF","Juan Hernangomez",0,0,0,1,0,4
"185","hernawi012018",821.568248748779,"C","Willy Hernangomez",0,0,0,0,1,8
"186","hezonma012018",754.832281112671,"SF","Mario Hezonja",0,0,1,0,0,9
"187","hieldbu012018",1416.72998809814,"SG","Buddy Hield",0,1,0,0,0,23
"188","hilarne012018",451.676089286804,"C","Nene Hilario",0,0,0,0,1,1
"189","hillge012018",669.258560180664,"PG","George Hill",1,0,0,0,0,4
"190","hillso012018",477.316025733948,"SF","Solomon Hill",0,0,1,0,0,2
"191","holidaa012018",518.939798355103,"PG","Aaron Holiday",1,0,0,0,0,1
"192","holidjr012018",1764.83491516113,"SG","Jrue Holiday",0,1,0,0,0,32
"193","holidju012018",881.089834213257,"SG","Justin Holiday",0,1,0,0,0,10
"194","holliro012018",822.15655708313,"SF","Rondae Hollis-Jefferson",0,0,1,0,0,10
"195","holmeri012018",964.551494598389,"C","Richaun Holmes",0,0,0,0,1,12
"196","hoodro012018",789.345170974731,"SG","Rodney Hood",0,1,0,0,0,7
"197","horfoal012018",1490.59955596924,"C","Al Horford",0,0,0,0,1,25
"198","houseda012018",794.591070175171,"SF","Danuel House",0,0,1,0,0,10
"199","huertke012018",887.19962310791,"SG","Kevin Huerter",0,1,0,0,0,10
"200","hutchch012018",644.008339881897,"SF","Chandler Hutchison",0,0,1,0,0,6
"201","ibakase012018",1424.18882751465,"C","Serge Ibaka",0,0,0,0,1,24
"202","iguodan012018",826.775281906128,"SF","Andre Iguodala",0,0,1,0,0,11
"203","ilyaser012018",662.963356018066,"PF","Ersan Ilyasova",0,0,0,1,0,4
"204","inglejo012018",1161.97832489014,"PF","Joe Ingles",0,0,0,1,0,17
"205","ingrabr012018",1301.09396934509,"SF","Brandon Ingram",0,0,1,0,0,23
"206","irvinky012018",1918.87457275391,"PG","Kyrie Irving",1,0,0,0,0,36
"207","isaacjo012018",1044.84357833862,"PF","Jonathan Isaac",0,0,0,1,0,14
"208","iwundwe012018",549.197130203247,"SF","Wesley Iwundu",0,0,1,0,0,3
"209","jacksfr012018",598.41698551178,"PG","Frank Jackson",1,0,0,0,0,2
"210","jacksja022018",1193.68918418884,"PF","Jaren Jackson",0,0,0,1,0,18
"211","jacksjo022018",942.656852722168,"SG","Josh Jackson",0,1,0,0,0,11
"212","jacksju012018",646.06178855896,"SF","Justin Jackson",0,0,1,0,0,6
"213","jacksre012018",1035.30442810059,"PG","Reggie Jackson",1,0,0,0,0,14
"214","jamesle012018",2213.4303817749,"SF","LeBron James",0,0,1,0,0,46
"215","jenkijo012018",332.545919418335,"SG","John Jenkins",0,1,0,0,0,1
"216","jerebjo012018",657.8869972229,"PF","Jonas Jerebko",0,0,0,1,0,4
"217","johnsam012018",460.747087478638,"C","Amir Johnson",0,0,0,0,1,1
"218","johnsja012018",687.391094207764,"PF","James Johnson",0,0,0,1,0,5
"219","johnsst042018",655.97235584259,"SF","Stanley Johnson",0,0,1,0,0,6
"220","johnsty012018",874.148843765259,"PG","Tyler Johnson",1,0,0,0,0,9
"221","johnswe012018",296.186247348785,"SF","Wesley Johnson",0,0,1,0,0,1
"222","jokicni012018",2224.10517120361,"C","Nikola Jokic",0,0,0,0,1,44
"223","jonesda032018",746.18462562561,"C","Damian Jones",0,0,0,0,1,6
"224","jonesde022018",774.829212188721,"SF","Derrick Jones",0,0,1,0,0,9
"225","jonesja042018",426.18391418457,"SF","Jalen Jones",0,0,1,0,0,1
"226","jonesty012018",857.477970123291,"PG","Tyus Jones",1,0,0,0,0,9
"227","jordade012018",1670.44376373291,"C","DeAndre Jordan",0,0,0,0,1,30
"228","josepco012018",807.202749252319,"PG","Cory Joseph",1,0,0,0,0,8
"229","kaminfr012018",720.228130340576,"C","Frank Kaminsky",0,0,0,0,1,5
"230","kanteen012018",1459.85111999512,"C","Enes Kanter",0,0,0,0,1,25
"231","kennalu012018",790.719011306763,"SG","Luke Kennard",0,1,0,0,0,7
"232","kiddgmi012018",714.278028488159,"PF","Michael Kidd-Gilchrist",0,0,0,1,0,5
"233","klebima012018",802.945314407349,"PF","Maxi Kleber",0,0,0,1,0,8
"234","knighbr032018",452.691493988037,"PG","Brandon Knight",1,0,0,0,0,1
"235","knoxke012018",815.465106964111,"PF","Kevin Knox",0,0,0,1,0,8
"236","korkmfu012018",549.281665802002,"SG","Furkan Korkmaz",0,1,0,0,0,1
"237","kornelu012018",681.024257659912,"PF","Luke Kornet",0,0,0,1,0,4
"238","korveky012018",575.995462417603,"SG-PF","Kyle Korver",0,1,0,1,0,2
"239","koufoko012018",528.900375366211,"C","Kosta Koufos",0,0,0,0,1,1
"240","kurucro012018",772.905225753784,"SF","Rodions Kurucs",0,0,1,0,0,9
"241","kuzmaky012018",1296.76263427734,"PF","Kyle Kuzma",0,0,0,1,0,20
"242","labissk012018",404.980845451355,"PF","Skal Labissiere",0,0,0,1,0,1
"243","lambje012018",1257.15336608887,"SG","Jeremy Lamb",0,1,0,0,0,19
"244","lavinza012018",1590.4122467041,"SG","Zach LaVine",0,1,0,0,0,28
"245","laymaja012018",709.178600311279,"SF","Jake Layman",0,0,1,0,0,8
"246","leaftj012018",479.18413734436,"PF","T.J. Leaf",0,0,0,1,0,1
"247","leeco012018",348.939647674561,"SG","Courtney Lee",0,1,0,0,0,1
"248","leeda032018",429.620978355408,"SG","Damion Lee",0,1,0,0,0,1
"249","lenal012018",1000.27705192566,"C","Alex Len",0,0,0,0,1,13
"250","leonaka012018",2000.19985198975,"SF","Kawhi Leonard",0,0,1,0,0,41
"251","leoname012018",688.649353027344,"C","Meyers Leonard",0,0,0,0,1,5
"252","leuerjo012018",403.983700752258,"PF","Jon Leuer",0,0,0,1,0,1
"253","leverca012018",1045.05480003357,"SF","Caris LeVert",0,0,1,0,0,16
"254","lillada012018",1883.70150756836,"PG","Damian Lillard",1,0,0,0,0,36
"255","linje012018",749.843976974487,"PG","Jeremy Lin",1,0,0,0,0,6
"256","livinsh012018",482.47793674469,"PG","Shaun Livingston",1,0,0,0,0,1
"257","looneke012018",960.861019134521,"C","Kevon Looney",0,0,0,0,1,12
"258","lopezbr012018",1160.67799377441,"C","Brook Lopez",0,0,0,0,1,17
"259","lopezro012018",844.846662521362,"C","Robin Lopez",0,0,0,0,1,9
"260","loveke012018",1457.06371307373,"PF","Kevin Love",0,0,0,1,0,24
"261","lowryky012018",1471.48403167725,"PG","Kyle Lowry",1,0,0,0,0,25
"262","luwawti012018",400.733850479126,"SF","Timothe Luwawu-Cabarrot",0,0,1,0,0,1
"263","lylestr012018",715.398496627808,"PF","Trey Lyles",0,0,0,1,0,5
"264","macksh012018",607.566145896912,"PG","Shelvin Mack",1,0,0,0,0,2
"265","mahinia012018",526.961491584778,"C","Ian Mahinmi",0,0,0,0,1,1
"266","makerth012018",607.058775901794,"C-PF","Thon Maker",0,0,0,1,1,2
"267","marjabo012018",768.876529693604,"C","Boban Marjanovic",0,0,0,0,1,7
"268","markkla012018",1544.72016906738,"PF","Lauri Markkanen",0,0,0,1,0,27
"269","martija012018",331.461853981018,"PF","Jarell Martin",0,0,0,1,0,1
"270","masonfr012018",451.496148109436,"PG","Frank Mason",1,0,0,0,0,1
"271","matthwe022018",778.465572357178,"SF-SG","Wesley Matthews",0,1,1,0,0,9
"272","mccawpa012018",388.420548439026,"SG","Patrick McCaw",0,1,0,0,0,1
"273","mccolcj012018",1326.74657440186,"SG","CJ McCollum",0,1,0,0,0,21
"274","mccontj012018",772.506008148193,"PG","T.J. McConnell",1,0,0,0,0,7
"275","mcderdo012018",512.4651222229,"SF","Doug McDermott",0,0,1,0,0,2
"276","mcgeeja012018",1341.86945343018,"C","JaVale McGee",0,0,0,0,1,21
"277","mcgruro012018",649.008647918701,"SG","Rodney McGruder",0,1,0,0,0,4
"278","mckinal012018",528.932555198669,"SF","Alfonzo McKinnie",0,0,1,0,0,3
"279","mclembe012018",279.826927661896,"SG","Ben McLemore",0,1,0,0,0,1
"280","mcraejo012018",464.450505256653,"SG","Jordan McRae",0,1,0,0,0,1
"281","mejrisa012018",531.573608398438,"C","Salah Mejri",0,0,0,0,1,1
"282","meltode012018",713.633415222168,"PG","De'Anthony Melton",1,0,0,0,0,5
"283","metuch012018",238.809801578522,"PF","Chimezie Metu",0,0,0,1,0,1
"284","middlkh012018",1413.55751800537,"SF","Khris Middleton",0,0,1,0,0,26
"285","milescj012018",402.283370018005,"SF","C.J. Miles",0,0,1,0,0,1
"286","milleda012018",618.673818588257,"SF","Darius Miller",0,0,1,0,0,5
"287","millspa022018",751.054689407349,"PG","Patty Mills",1,0,0,0,0,6
"288","millspa012018",1253.74801254272,"PF","Paul Millsap",0,0,0,1,0,19
"289","miltosh012018",450.934662818909,"SG","Shake Milton",0,1,0,0,0,1
"290","mirotni012018",1274.44343757629,"PF","Nikola Mirotic",0,0,0,1,0,20
"291","mitchdo012018",1525.700050354,"SG","Donovan Mitchell",0,1,0,0,0,26
"292","monkma012018",638.9297914505,"SG","Malik Monk",0,1,0,0,0,3
"293","monrogr012018",534.352843284607,"C","Greg Monroe",0,0,0,0,1,1
"294","mooreet012018",814.34854888916,"SG","E'Twaun Moore",0,1,0,0,0,8
"295","morrima032018",1113.90470504761,"PF","Marcus Morris",0,0,0,1,0,16
"296","morrima022018",793.196506500244,"PF","Markieff Morris",0,0,0,1,0,7
"297","morrimo012018",966.03137588501,"PG","Monte Morris",1,0,0,0,0,12
"298","motlejo012018",431.614055633545,"PF","Johnathan Motley",0,0,0,1,0,1
"299","mudiaem012018",1080.2449131012,"PG","Emmanuel Mudiay",1,0,0,0,0,15
"300","murraja012018",1384.54702758789,"PG","Jamal Murray",1,0,0,0,0,23
"301","muscami012018",676.893665313721,"PF","Mike Muscala",0,0,0,1,0,4
"302","mykhasv012018",284.622113704681,"SF","Sviatoslav Mykhailiuk",0,0,1,0,0,1
"303","naderab012018",370.586782455444,"SF","Abdel Nader",0,0,1,0,0,1
"304","nancela022018",1356.45931243896,"C","Larry Nance",0,0,0,0,1,22
"305","napiesh012018",668.935901641846,"PG","Shabazz Napier",1,0,0,0,0,4
"306","netora012018",537.454032897949,"PG","Raul Neto",1,0,0,0,0,1
"307","niangge012018",374.818919181824,"PF","Georges Niang",0,0,0,1,0,1
"308","noahjo012018",872.902002334595,"C","Joakim Noah",0,0,0,0,1,9
"309","noelne012018",812.502607345581,"C","Nerlens Noel",0,0,0,0,1,8
"310","nowitdi012018",478.709299087524,"PF","Dirk Nowitzki",0,0,0,1,0,1
"311","ntilila012018",543.197761535645,"PG","Frank Ntilikina",1,0,0,0,0,1
"312","nurkiju012018",1772.22806549072,"C","Jusuf Nurkic",0,0,0,0,1,33
"313","nwabada012018",656.339080810547,"SG","David Nwaba",0,1,0,0,0,4
"314","onealro012018",666.616451263428,"SF","Royce O'Neale",0,0,1,0,0,6
"315","oquinky012018",470.526354789734,"C","Kyle O'Quinn",0,0,0,0,1,1
"316","ojelese012018",326.242054462433,"PF","Semi Ojeleye",0,0,0,1,0,1
"317","okafoja012018",863.916830062866,"C","Jahlil Okafor",0,0,0,0,1,9
"318","okoboel012018",555.12713432312,"PG","Elie Okobo",1,0,0,0,0,1
"319","okogijo012018",717.251554489136,"SG","Josh Okogie",0,1,0,0,0,5
"320","oladivi012018",1423.2181930542,"SG","Victor Oladipo",0,1,0,0,0,24
"321","olynyke012018",938.948234558105,"PF","Kelly Olynyk",0,0,0,1,0,11
"322","osmande012018",1039.22231292725,"SF","Cedi Osman",0,0,1,0,0,16
"323","oubreke012018",1153.73473548889,"SF","Kelly Oubre",0,0,1,0,0,19
"324","pachuza012018",545.393927574158,"C","Zaza Pachulia",0,0,0,0,1,1
"325","parkeja012018",1245.77124595642,"PF","Jabari Parker",0,0,0,1,0,19
"326","parketo012018",659.74068069458,"PG","Tony Parker",1,0,0,0,0,4
"327","parsoch012018",528.343347549438,"SF","Chandler Parsons",0,0,1,0,0,3
"328","pattepa012018",352.577728271484,"PF","Patrick Patterson",0,0,0,1,0,1
"329","paulch012018",1517.82299041748,"PG","Chris Paul",1,0,0,0,0,26
"330","payneca012018",608.187846183777,"PG","Cameron Payne",1,0,0,0,0,2
"331","paytoel012018",1270.7481918335,"PG","Elfrid Payton",1,0,0,0,0,20
"332","pinsoth012018",385.319554328918,"SG","Theo Pinson",0,1,0,0,0,1
"333","plumlma012018",1106.04000091553,"C","Mason Plumlee",0,0,0,0,1,15
"334","plumlmi012018",439.86022567749,"C","Miles Plumlee",0,0,0,0,1,1
"335","poeltja012018",886.359350204468,"C","Jakob Poeltl",0,0,0,0,1,10
"336","pondequ012018",199.546398162842,"SF","Quincy Pondexter",0,0,1,0,0,1
"337","porteot012018",1245.75020980835,"SF","Otto Porter",0,0,1,0,0,21
"338","portibo012018",1244.62692642212,"PF","Bobby Portis",0,0,0,1,0,19
"339","poweldw012018",1102.41771697998,"C","Dwight Powell",0,0,0,0,1,15
"340","powelno012018",699.298961639404,"SG","Norman Powell",0,1,0,0,0,5
"341","poythal012018",571.522583007812,"PF","Alex Poythress",0,0,0,1,0,2
"342","rabbiv012018",738.032140731812,"PF","Ivan Rabb",0,0,0,1,0,6
"343","randlch012018",461.872638702393,"PG","Chasson Randle",1,0,0,0,0,1
"344","randlju012018",1781.45894622803,"PF","Julius Randle",0,0,0,1,0,33
"345","redicjj012018",1086.62175941467,"SG","J.J. Redick",0,1,0,0,0,15
"346","reynoca012018",444.319107055664,"SG","Cameron Reynolds",0,1,0,0,0,1
"347","richajo012018",1217.27359962463,"SG","Josh Richardson",0,1,0,0,0,18
"348","riverau012018",623.532073974609,"SG","Austin Rivers",0,1,0,0,0,3
"349","robingl022018",351.817768096924,"SF","Glenn Robinson",0,0,1,0,0,1
"350","robinje012018",340.043859481812,"SG","Jerome Robinson",0,1,0,0,0,1
"351","robinmi012018",1235.56269264221,"C","Mitchell Robinson",0,0,0,0,1,19
"352","rondora012018",1136.842004776,"PG","Rajon Rondo",1,0,0,0,0,16
"353","rosede012018",1188.1153087616,"PG","Derrick Rose",1,0,0,0,0,17
"354","rosste012018",1001.96479225159,"SG","Terrence Ross",0,1,0,0,0,13
"355","roziete012018",872.177701950073,"PG","Terry Rozier",1,0,0,0,0,9
"356","rubiori012018",1121.58102226257,"PG","Ricky Rubio",1,0,0,0,0,16
"357","russeda012018",1555.24074554443,"PG","D'Angelo Russell",1,0,0,0,0,27
"358","sabondo012018",1597.12598419189,"C","Domantas Sabonis",0,0,0,0,1,28
"359","sampsbr012018",428.945592880249,"SG","Brandon Sampson",0,1,0,0,0,1
"360","saricda012018",986.916439056396,"PF","Dario Saric",0,0,0,1,0,12
"361","satorto012018",1023.30107688904,"PG","Tomas Satoransky",1,0,0,0,0,13
"362","schrode012018",1063.50842857361,"PG","Dennis Schroder",1,0,0,0,0,14
"363","scottmi012018",518.398371696472,"PF","Mike Scott",0,0,0,1,0,1
"364","sefolth012018",431.327095985413,"SF","Thabo Sefolosha",0,0,1,0,0,1
"365","seldewa012018",550.627197265625,"SG","Wayne Selden",0,1,0,0,0,1
"366","sextoco012018",1022.57396125793,"PG","Collin Sexton",1,0,0,0,0,13
"367","shamela012018",704.456571578979,"SG","Landry Shamet",0,1,0,0,0,5
"368","shumpim012018",650.734980583191,"SG","Iman Shumpert",0,1,0,0,0,4
"369","siakapa012018",1598.50545501709,"PF","Pascal Siakam",0,0,0,1,0,28
"370","simmobe012018",1966.12535858154,"PG","Ben Simmons",1,0,0,0,0,38
"371","simmojo022018",515.709772109985,"SG-SF","Jonathon Simmons",0,1,1,0,0,3
"372","simonan012018",286.302092552185,"SG","Anfernee Simons",0,1,0,0,0,1
"373","smartma012018",1006.62167930603,"SG","Marcus Smart",0,1,0,0,0,13
"374","smithde032018",1017.13779830933,"PG","Dennis Smith",1,0,0,0,0,13
"375","smithis012018",706.456726074219,"PG","Ish Smith",1,0,0,0,0,5
"376","smithjr012018",423.426927566528,"SG","J.R. Smith",0,1,0,0,0,1
"377","smithja022018",336.490236282349,"PF-C","Jason Smith",0,0,0,1,1,1
"378","snellto012018",521.808104515076,"SF","Tony Snell",0,0,1,0,0,3
"379","spaldra012018",545.651718139648,"PF","Ray Spalding",0,0,0,1,0,1
"380","spellom012018",706.796901702881,"PF","Omari Spellman",0,0,0,1,0,5
"381","stausni012018",474.316380500793,"SG","Nik Stauskas",0,1,0,0,0,1
"382","stephla012018",632.702231407166,"SG","Lance Stephenson",0,1,0,0,0,3
"383","sumneed012018",264.976521492004,"PG","Edmond Sumner",1,0,0,0,0,1
"384","tatumja012018",1348.76305389404,"SF","Jayson Tatum",0,0,1,0,0,24
"385","teaguje012018",1149.24300956726,"PG","Jeff Teague",1,0,0,0,0,16
"386","templga012018",664.215984344482,"SG","Garrett Temple",0,1,0,0,0,4
"387","theisda012018",686.576236724854,"C","Daniel Theis",0,0,0,0,1,4
"388","thomais022018",316.813422203064,"SG","Isaiah Thomas",0,1,0,0,0,1
"389","thomakh012018",239.896154403687,"SG","Khyri Thomas",0,1,0,0,0,1
"390","thomala012018",372.184669494629,"PF","Lance Thomas",0,0,0,1,0,1
"391","thompkl012018",1377.94214630127,"SG","Klay Thompson",0,1,0,0,0,22
"392","thomptr012018",1315.68500137329,"C","Tristan Thompson",0,0,0,0,1,21
"393","thornsi012018",190.363552570343,"SG","Sindarius Thornwell",0,1,0,0,0,1
"394","tollian012018",451.229247093201,"PF","Anthony Tolliver",0,0,0,1,0,1
"395","townska012018",2351.01461029053,"C","Karl-Anthony Towns",0,0,0,0,1,48
"396","trieral012018",798.641506195068,"SG","Allonzo Trier",0,1,0,0,0,7
"397","tuckepj012018",904.240154266357,"PF","P.J. Tucker",0,0,0,1,0,10
"398","turneev012018",805.037355422974,"PG","Evan Turner",1,0,0,0,0,8
"399","turnemy012018",1494.51525115967,"C","Myles Turner",0,0,0,0,1,25
"400","udohek012018",356.770021438599,"C","Ekpe Udoh",0,0,0,0,1,1
"401","valanjo012018",1490.842918396,"C","Jonas Valanciunas",0,0,0,0,1,25
"402","vanvlfr012018",999.771089553833,"PG","Fred VanVleet",1,0,0,0,0,13
"403","vonleno012018",1131.73186302185,"PF","Noah Vonleh",0,0,0,1,0,16
"404","vucevni012018",2104.49848175049,"C","Nikola Vucevic",0,0,0,0,1,41
"405","wadedw012018",1057.33373260498,"SG","Dwyane Wade",0,1,0,0,0,14
"406","wagnemo012018",442.567398071289,"C","Moritz Wagner",0,0,0,0,1,1
"407","waitedi012018",764.73123550415,"SG","Dion Waiters",0,1,0,0,0,7
"408","walkeke022018",1716.45990753174,"PG","Kemba Walker",1,0,0,0,0,31
"409","walljo012018",1531.74688720703,"PG","John Wall",1,0,0,0,0,26
"410","wallaty012018",332.307796478271,"PG","Tyrone Wallace",1,0,0,0,0,1
"411","princta022018",1002.41319847107,"SF","Taurean Waller-Prince",0,0,1,0,0,15
"412","wanambr012018",386.486317634583,"PG","Brad Wanamaker",1,0,0,0,0,1
"413","warretj012018",1250.09898376465,"SF","T.J. Warren",0,0,1,0,0,22
"414","westbru012018",2186.80346679688,"PG","Russell Westbrook",1,0,0,0,0,43
"415","whitede012018",1064.71335411072,"PG","Derrick White",1,0,0,0,0,14
"416","whiteha012018",1516.17669677734,"C","Hassan Whiteside",0,0,0,0,1,26
"417","wiggian012018",1159.26184654236,"SF","Andrew Wiggins",0,0,1,0,0,19
"418","willijo042018",686.693460464478,"C","Johnathan Williams",0,0,0,0,1,5
"419","willike042018",772.508901596069,"SF","Kenrich Williams",0,0,1,0,0,9
"420","willilo022018",1297.05534172058,"SG","Lou Williams",0,1,0,0,0,20
"421","willima022018",957.852146148682,"PF","Marvin Williams",0,0,0,1,0,12
"422","williro042018",540.978096008301,"C","Robert Williams",0,0,0,0,1,1
"423","willitr022018",528.96844959259,"SF","Troy Williams",0,0,1,0,0,3
"424","wilsodj012018",705.323745727539,"PF","D.J. Wilson",0,0,0,1,0,5
"425","winslju012018",1174.58757972717,"SF","Justise Winslow",0,0,1,0,0,20
"426","woodch012018",739.011533737183,"PF","Christian Wood",0,0,0,1,0,6
"427","wrighde012018",922.977418899536,"PG","Delon Wright",1,0,0,0,0,11
"428","yabusgu012018",288.485433578491,"PF","Guerschon Yabusele",0,0,0,1,0,1
"429","youngth012018",1264.94424819946,"PF","Thaddeus Young",0,0,0,1,0,20
"430","youngtr012018",1495.19622802734,"PG","Trae Young",1,0,0,0,0,25
"431","zelleco012018",1202.08518791199,"C","Cody Zeller",0,0,0,0,1,18
"432","zizican012018",877.440101623535,"C","Ante Zizic",0,0,0,0,1,9
"433","zubaciv012018",1049.93252754211,"C","Ivica Zubac",0,0,0,0,1,14
